headquarter_tag,major_name,profession_tag,area,region_tag,plan_end_time,project_tag,project_code,breakdown,breakdown_value,measure,measure value,sig,impact,insight,insight_type,score
华润置地,*,写字楼,*,*,*,*,*,plan_end_time,-1,sum of danger_number,-1,0.55097871021967,0.06724067240672407,trend,shape,0.037048178956960186
*,*,写字楼,*,*,*,*,*,plan_end_time,-1,sum of danger_number,-1,0.55097871021967,0.06724067240672407,trend,shape,0.037048178956960186
*,*,住宅,*,华南大区,*,*,*,plan_end_time,-1,sum of danger_number,-1,0.8529712283297377,0.04469044690446904,trend,shape,0.038119665390709885
华润置地,*,住宅,*,华南大区,*,*,*,plan_end_time,-1,sum of danger_number,-1,0.8529712283297377,0.04469044690446904,trend,shape,0.038119665390709885
*,消防专业,综合体,租户区域,*,*,*,*,plan_end_time,-1,sum of danger_number,-1,0.6926250476554932,0.08938089380893809,trend,shape,0.06190744583390632
*,电梯专业,*,*,华东大区,*,*,*,plan_end_time,-1,sum of danger_number,-1,0.8047939416477907,0.06109061090610906,trend,shape,0.04916535354879902
华润置地,电梯专业,*,*,华东大区,*,*,*,plan_end_time,-1,sum of danger_number,-1,0.8047939416477907,0.06109061090610906,trend,shape,0.04916535354879902
华润置地,*,住宅,*,*,*,*,*,plan_end_time,-1,sum of danger_number,-1,0.33557341469114765,0.13038130381303814,trend,shape,0.04375249933242516
*,*,住宅,*,*,*,*,*,plan_end_time,-1,sum of danger_number,-1,0.33557341469114765,0.13038130381303814,trend,shape,0.04375249933242516
华润置地,*,*,*,华南大区,*,*,*,plan_end_time,-1,sum of danger_number,-1,0.3480281528223056,0.18245182451824518,trend,shape,0.06349837146614432
*,消防专业,综合体,公共区域,*,*,*,*,plan_end_time,-1,sum of danger_number,-1,0.5553565162953488,0.12341123411234112,trend,shape,0.06853723304833947
华润置地,消防专业,综合体,公共区域,*,*,*,*,plan_end_time,-1,sum of danger_number,-1,0.5553565162953488,0.12341123411234112,trend,shape,0.06853723304833947
华润置地,电气专业,综合体,公共区域,*,*,*,*,plan_end_time,-1,sum of danger_number,-1,0.7575645461865345,0.06642066420664207,trend,shape,0.05031794033711299
华润置地,消防专业,*,租户区域,*,*,*,*,plan_end_time,-1,sum of danger_number,-1,0.7204953158637861,0.0959409594095941,trend,shape,0.06912501185409019
*,电气专业,*,公共区域,*,*,*,*,plan_end_time,-1,sum of danger_number,-1,0.4306923410942184,0.12915129151291513,trend,shape,0.055624472097039274
华润置地,电梯专业,*,*,华北大区,*,*,*,plan_end_time,-1,sum of danger_number,-1,0.6164931108377989,0.12997129971299712,trend,shape,0.08012641087969752
*,电气专业,综合体,公共区域,*,*,*,*,plan_end_time,-1,sum of danger_number,-1,0.7575645461865345,0.06642066420664207,trend,shape,0.05031794033711299
*,电气专业,综合体,*,*,*,*,*,plan_end_time,-1,sum of danger_number,-1,0.7312738033795604,0.11562115621156212,trend,shape,0.08455072265397132
华润置地,消防专业,综合体,租户区域,*,*,*,*,plan_end_time,-1,sum of danger_number,-1,0.6926250476554932,0.08938089380893809,trend,shape,0.06190744583390632
*,消防专业,*,租户区域,*,*,*,*,plan_end_time,-1,sum of danger_number,-1,0.701547626994719,0.1000410004100041,trend,shape,0.07018352643981608
华润置地,消防专业,综合体,*,*,*,*,*,plan_end_time,-1,sum of danger_number,-1,0.6153319047525246,0.21279212792127922,trend,shape,0.1309377853901436
*,电梯专业,*,*,华北大区,*,*,*,plan_end_time,-1,sum of danger_number,-1,0.6164931108377989,0.12997129971299712,trend,shape,0.08012641087969752
*,消防专业,*,公共区域,*,*,*,*,plan_end_time,-1,sum of danger_number,-1,0.4828381210324868,0.21689216892168922,trend,shape,0.10472380730880915
*,*,综合体,租户区域,*,*,*,*,plan_end_time,-1,sum of danger_number,-1,0.6241818078816401,0.1820418204182042,trend,shape,0.11362719257869956
*,电梯专业,综合体,*,华北大区,*,*,*,plan_end_time,-1,sum of danger_number,-1,0.9090419664344455,0.08897088970889709,trend,shape,0.08087827253639798
华润置地,电气专业,*,公共区域,*,*,*,*,plan_end_time,-1,sum of danger_number,-1,0.4494234208792245,0.12013120131201312,trend,shape,0.053989775447975716
华润置地,电气专业,*,*,*,*,*,*,plan_end_time,-1,sum of danger_number,-1,0.47423984308321443,0.17507175071750716,trend,shape,0.08302599958857423
华润置地,*,综合体,公共区域,*,*,*,*,plan_end_time,-1,sum of danger_number,-1,0.5456330965655412,0.24764247642476425,trend,shape,0.13512193125280314
*,电梯专业,综合体,*,*,*,*,*,plan_end_time,-1,sum of danger_number,-1,0.6391627946677751,0.25174251742517423,trend,shape,0.16090445097417544
*,*,综合体,*,*,*,*,*,plan_end_time,-1,sum of danger_number,-1,0.6498029942022565,0.6773267732677327,trend,shape,0.4401289653227256
华润置地,*,综合体,租户区域,*,*,*,*,plan_end_time,-1,sum of danger_number,-1,0.6241818078816401,0.1820418204182042,trend,shape,0.11362719257869956
*,*,*,*,*,*,*,*,plan_end_time,-1,sum of danger_number,-1,0.5075262207241916,1.0,trend,shape,0.5075262207241916
华润置地,电梯专业,综合体,*,华北大区,*,*,*,plan_end_time,-1,sum of danger_number,-1,0.9090419664344455,0.08897088970889709,trend,shape,0.08087827253639798
*,电气专业,*,*,*,*,*,*,plan_end_time,-1,sum of danger_number,-1,0.45727588285423293,0.18491184911849118,trend,shape,0.08455572905586677
*,*,*,*,华南大区,*,*,*,plan_end_time,-1,sum of danger_number,-1,0.3480281528223056,0.18245182451824518,trend,shape,0.06349837146614432
*,消防专业,*,*,*,*,*,*,plan_end_time,-1,sum of danger_number,-1,0.5404245986923657,0.3169331693316933,trend,shape,0.17127848084837993
华润置地,*,*,租户区域,*,*,*,*,plan_end_time,-1,sum of danger_number,-1,0.6439669472055851,0.1992619926199262,trend,shape,0.1283181370815557
华润置地,电梯专业,*,*,*,*,*,*,plan_end_time,-1,sum of danger_number,-1,0.49113903428581673,0.3714637146371464,trend,shape,0.18244033007911029
华润置地,消防专业,*,*,*,*,*,*,plan_end_time,-1,sum of danger_number,-1,0.5637435124221959,0.2894628946289463,trend,shape,0.16318282893401817
*,电梯专业,*,*,*,*,*,*,plan_end_time,-1,sum of danger_number,-1,0.49113903428581673,0.3714637146371464,trend,shape,0.18244033007911029
*,消防专业,综合体,*,*,*,*,*,plan_end_time,-1,sum of danger_number,-1,0.6153319047525246,0.21279212792127922,trend,shape,0.1309377853901436
*,*,*,公共区域,*,*,*,*,plan_end_time,-1,sum of danger_number,-1,0.4300926039627305,0.42886428864288645,trend,shape,0.1844513586490431
华润置地,电梯专业,综合体,*,*,*,*,*,plan_end_time,-1,sum of danger_number,-1,0.6391627946677751,0.25174251742517423,trend,shape,0.16090445097417544
*,*,*,租户区域,*,*,*,*,plan_end_time,-1,sum of danger_number,-1,0.6339632870636913,0.2045920459204592,trend,shape,0.12970384593882
华润置地,消防专业,*,公共区域,*,*,*,*,plan_end_time,-1,sum of danger_number,-1,0.49511898384152586,0.19352193521935218,trend,shape,0.09581638391685125
华润置地,*,*,公共区域,*,*,*,*,plan_end_time,-1,sum of danger_number,-1,0.4461295681215319,0.3858138581385814,trend,shape,0.17212296990666728
华润置地,*,综合体,*,*,*,*,*,plan_end_time,-1,sum of danger_number,-1,0.6498029942022565,0.6773267732677327,trend,shape,0.4401289653227256
华润置地,*,*,*,*,*,*,*,plan_end_time,-1,sum of danger_number,-1,0.5259171561614366,0.9516195161951619,trend,shape,0.5004730297050818
*,*,综合体,公共区域,*,*,*,*,plan_end_time,-1,sum of danger_number,-1,0.5456330965655412,0.24764247642476425,trend,shape,0.13512193125280314
华润置地,电气专业,综合体,*,*,*,*,*,plan_end_time,-1,sum of danger_number,-1,0.7312738033795604,0.11562115621156212,trend,shape,0.08455072265397132
*,电气专业,*,公共区域,*,*,*,*,profession_tag,综合体,sum of danger_number,2077,0.6988480993802232,0.12915129151291513,top1,point,0.09025713460630189
华润置地,*,*,*,华南大区,*,*,*,profession_tag,综合体,sum of danger_number,3046,0.5371261162211299,0.18245182451824518,top1,point,0.09799963990094417
华润置地,*,*,公共区域,*,*,*,*,region_tag,华北大区,sum of danger_number,6850,0.23883837044124284,0.3858138581385814,top1,point,0.09214715317146761
华润置地,电气专业,*,*,*,*,*,*,profession_tag,综合体,sum of danger_number,2986,0.6097181000241608,0.17507175071750716,top1,point,0.10674441521538199
华润置地,*,综合体,*,华南大区,*,*,*,area,公共区域,sum of danger_number,2293,0.903282354553298,0.11029110291102912,top1,point,0.09962400712375448
*,*,*,*,华南大区,*,*,*,profession_tag,综合体,sum of danger_number,3046,0.5371261162211299,0.18245182451824518,top1,point,0.09799963990094417
华润置地,消防专业,*,公共区域,*,*,*,*,region_tag,华北大区,sum of danger_number,5151,0.4909629339792638,0.19352193521935218,top1,point,0.09501209710463818
华润置地,*,住宅,*,*,*,*,*,plan_end_time,2020/7/23 0:00,sum of danger_number,328,0.9225976563070284,0.13038130381303814,top1,point,0.12028948532416361
华润置地,*,住宅,*,*,*,*,*,project_tag,惠州华润小径湾,sum of danger_number,288,0.893553844529709,0.13038130381303814,top1,point,0.11650271527693623
*,*,住宅,*,*,*,*,*,project_tag,惠州华润小径湾,sum of danger_number,288,0.893553844529709,0.13038130381303814,top1,point,0.11650271527693623
*,消防专业,*,*,华北大区,*,*,*,profession_tag,综合体,sum of danger_number,5285,0.9964020423534176,0.1111111111111111,top1,point,0.11071133803926861
*,*,综合体,*,华南大区,*,*,*,area,公共区域,sum of danger_number,2293,0.903282354553298,0.11029110291102912,top1,point,0.09962400712375448
华润置地,*,综合体,*,华北大区,*,*,*,area,公共区域,sum of danger_number,5531,0.5648997889753422,0.2611726117261173,top1,point,0.14753635325022263
*,*,*,*,华东大区,*,*,*,profession_tag,综合体,sum of danger_number,3334,0.7646324881951534,0.16359163591635917,top1,point,0.12508747961864133
*,*,住宅,*,*,*,*,*,project_code,ZRH(ZB)-2006-L01-B09-000-001,sum of danger_number,288,0.9249048416097799,0.13038130381303814,top1,point,0.12059029915207464
华润置地,电梯专业,综合体,*,*,*,*,*,region_tag,华北大区,sum of danger_number,748,0.7983538215219358,0.25174251742517423,top1,point,0.20097960082594035
华润置地,*,住宅,*,*,*,*,*,project_code,ZRH(ZB)-2006-L01-B09-000-001,sum of danger_number,288,0.9249048416097799,0.13038130381303814,top1,point,0.12059029915207464
华润置地,*,*,*,华东大区,*,*,*,profession_tag,综合体,sum of danger_number,3334,0.7646324881951534,0.16359163591635917,top1,point,0.12508747961864133
华润置地,消防专业,*,*,*,*,*,*,region_tag,华北大区,sum of danger_number,6212,0.5114985332495233,0.2894628946289463,top1,point,0.14805984603286737
*,*,住宅,*,*,*,*,*,plan_end_time,2020/7/23 0:00,sum of danger_number,328,0.9225976563070284,0.13038130381303814,top1,point,0.12028948532416361
华润置地,消防专业,*,公共区域,*,*,*,*,profession_tag,综合体,sum of danger_number,9910,0.6371254020882522,0.19352193521935218,top1,point,0.12329774078952645
*,*,综合体,*,华北大区,*,*,*,area,公共区域,sum of danger_number,5531,0.5648997889753422,0.2611726117261173,top1,point,0.14753635325022263
华润置地,电梯专业,*,*,华北大区,*,*,*,profession_tag,综合体,sum of danger_number,748,0.9778537516245615,0.12997129971299712,top1,point,0.12709292302787453
华润置地,消防专业,*,*,华北大区,*,*,*,profession_tag,综合体,sum of danger_number,5285,0.9964020423534176,0.1111111111111111,top1,point,0.11071133803926861
*,消防专业,*,*,*,*,*,*,profession_tag,综合体,sum of danger_number,12240,0.35302991949230256,0.3169331693316933,top1,point,0.11188689125360798
华润置地,*,*,*,*,*,*,*,region_tag,华北大区,sum of danger_number,9662,0.3847561469461074,0.9516195161951619,top1,point,0.36614145840996937
华润置地,*,综合体,*,*,*,*,*,area,公共区域,sum of danger_number,13025,0.23117671039032195,0.6773267732677327,top1,point,0.1565821753033259
*,*,*,公共区域,华北大区,*,*,*,profession_tag,综合体,sum of danger_number,5531,0.997790635412109,0.14514145141451415,top1,point,0.14482078103152382
华润置地,*,*,公共区域,*,*,*,*,profession_tag,综合体,sum of danger_number,13025,0.7939695043510699,0.3858138581385814,top1,point,0.30632443771806345
*,*,*,租户区域,*,*,*,*,profession_tag,综合体,sum of danger_number,3813,0.9311068117270598,0.2045920459204592,top1,point,0.19049704758171498
*,电气专业,*,*,*,*,*,*,profession_tag,综合体,sum of danger_number,2986,0.851353921160942,0.18491184911849118,top1,point,0.15742542781614793
*,*,*,*,*,*,*,*,area,公共区域,sum of danger_number,18588,0.27745420734894777,1.0,top1,point,0.27745420734894777
*,电梯专业,*,*,*,*,*,*,region_tag,华北大区,sum of danger_number,1103,0.7982667617211129,0.3714637146371464,top1,point,0.2965271365802904
华润置地,*,*,公共区域,华北大区,*,*,*,profession_tag,综合体,sum of danger_number,5531,0.997790635412109,0.14514145141451415,top1,point,0.14482078103152382
*,电梯专业,*,*,华北大区,*,*,*,profession_tag,综合体,sum of danger_number,748,0.9778537516245615,0.12997129971299712,top1,point,0.12709292302787453
*,*,*,*,华北大区,*,*,*,area,公共区域,sum of danger_number,6850,0.507335983914564,0.35588355883558837,top1,point,0.18055253548086986
*,*,*,公共区域,*,*,*,*,profession_tag,综合体,sum of danger_number,13025,0.48264366343373116,0.42886428864288645,top1,point,0.2069886313865038
华润置地,*,*,*,华北大区,*,*,*,area,公共区域,sum of danger_number,6850,0.507335983914564,0.35588355883558837,top1,point,0.18055253548086986
华润置地,消防专业,*,*,*,*,*,*,profession_tag,综合体,sum of danger_number,12240,0.738550104149382,0.2894628946289463,top1,point,0.2137828509755899
华润置地,*,*,*,*,*,*,*,profession_tag,综合体,sum of danger_number,18834,0.8047595196771392,0.9516195161951619,top1,point,0.7658248647686101
*,*,*,*,华北大区,*,*,*,profession_tag,综合体,sum of danger_number,7832,0.9972664823784786,0.35588355883558837,top1,point,0.35491074485630153
*,*,综合体,*,*,*,*,*,region_tag,华北大区,sum of danger_number,7832,0.40480097942733934,0.6773267732677327,top1,point,0.2741825412111376
华润置地,*,综合体,*,*,*,*,*,region_tag,华北大区,sum of danger_number,7832,0.40480097942733934,0.6773267732677327,top1,point,0.2741825412111376
华润置地,*,*,*,*,*,*,*,area,公共区域,sum of danger_number,17382,0.20796849092439273,0.9516195161951619,top1,point,0.19790687471730853
华润置地,*,*,*,华北大区,*,*,*,profession_tag,综合体,sum of danger_number,7832,0.9972664823784786,0.35588355883558837,top1,point,0.35491074485630153
*,*,综合体,*,*,*,*,*,area,公共区域,sum of danger_number,13025,0.23117671039032195,0.6773267732677327,top1,point,0.1565821753033259
华润置地,电梯专业,*,*,*,*,*,*,region_tag,华北大区,sum of danger_number,1103,0.7982667617211129,0.3714637146371464,top1,point,0.2965271365802904
*,*,*,*,*,*,*,*,profession_tag,综合体,sum of danger_number,18834,0.6892047505775307,1.0,top1,point,0.6892047505775307
华润置地,*,*,租户区域,*,*,*,*,profession_tag,综合体,sum of danger_number,3813,0.867654453689939,0.1992619926199262,top1,point,0.17289055534781073
*,电梯专业,综合体,*,*,*,*,*,region_tag,华北大区,sum of danger_number,748,0.7983538215219358,0.25174251742517423,top1,point,0.20097960082594035
华润置地,*,综合体,*,华南大区,*,*,*,plan_end_time,2020/9/15 0:00,sum of danger_number,194,0.9935626957495443,0.11029110291102912,change point,shape,0.1095811255254725
*,电气专业,综合体,*,*,*,*,*,plan_end_time,2020/9/4 0:00,sum of danger_number,60,0.998632190710376,0.11562115621156212,change point,shape,0.11546300852001888
*,*,综合体,*,华南大区,*,*,*,plan_end_time,2020/9/15 0:00,sum of danger_number,194,0.9935626957495443,0.11029110291102912,change point,shape,0.1095811255254725
华润置地,电气专业,*,公共区域,*,*,*,*,plan_end_time,2020/12/16 0:00,sum of danger_number,16,0.9999630091352517,0.12013120131201312,change point,shape,0.12012675755499333
华润置地,电气专业,综合体,*,*,*,*,*,plan_end_time,2020/9/4 0:00,sum of danger_number,60,0.998632190710376,0.11562115621156212,change point,shape,0.11546300852001888
*,*,综合体,*,华东大区,*,*,*,plan_end_time,2020/7/18 0:00,sum of danger_number,77,0.9999594005175645,0.12341123411234112,change point,shape,0.12340622368010942
*,消防专业,*,*,华北大区,*,*,*,plan_end_time,2020/6/12 0:00,sum of danger_number,88,0.9999739888767957,0.1111111111111111,change point,shape,0.11110822098631062
华润置地,*,综合体,*,华东大区,*,*,*,plan_end_time,2020/7/18 0:00,sum of danger_number,77,0.9999594005175645,0.12341123411234112,change point,shape,0.12340622368010942
华润置地,消防专业,综合体,公共区域,*,*,*,*,plan_end_time,2020/6/12 0:00,sum of danger_number,76,0.9999822680273073,0.12341123411234112,change point,shape,0.12340904578770787
华润置地,*,*,*,华东大区,*,*,*,plan_end_time,2020/7/18 0:00,sum of danger_number,77,0.9999594005175645,0.16359163591635917,change point,shape,0.16358499418061018
华润置地,电梯专业,*,*,华北大区,*,*,*,plan_end_time,2020/12/8 0:00,sum of danger_number,14,0.9999901766289557,0.12997129971299712,change point,shape,0.12997002295669494
华润置地,*,住宅,*,*,*,*,*,plan_end_time,2020/7/20 0:00,sum of danger_number,66,0.9939448904535017,0.13038130381303814,change point,shape,0.1295918307356349
*,电气专业,*,公共区域,*,*,*,*,plan_end_time,2020/12/16 0:00,sum of danger_number,16,0.9999630091352517,0.12915129151291513,change point,shape,0.1291465140949587
华润置地,消防专业,*,*,华北大区,*,*,*,plan_end_time,2020/6/12 0:00,sum of danger_number,88,0.9999739888767957,0.1111111111111111,change point,shape,0.11110822098631062
*,*,综合体,租户区域,*,*,*,*,plan_end_time,2020/4/17 0:00,sum of danger_number,20,0.999476916892622,0.1820418204182042,change point,shape,0.1819465974171071
*,*,*,*,华东大区,*,*,*,plan_end_time,2020/7/18 0:00,sum of danger_number,77,0.9999594005175645,0.16359163591635917,change point,shape,0.16358499418061018
*,消防专业,综合体,公共区域,*,*,*,*,plan_end_time,2020/6/12 0:00,sum of danger_number,76,0.9999822680273073,0.12341123411234112,change point,shape,0.12340904578770787
华润置地,*,*,*,华南大区,*,*,*,plan_end_time,2020/10/27 0:00,sum of danger_number,42,0.9962737444509873,0.18245182451824518,change point,shape,0.18177196239470658
*,*,住宅,*,*,*,*,*,plan_end_time,2020/7/20 0:00,sum of danger_number,66,0.9939448904535017,0.13038130381303814,change point,shape,0.1295918307356349
*,*,*,租户区域,*,*,*,*,plan_end_time,2020/4/17 0:00,sum of danger_number,20,0.9998424827151485,0.2045920459204592,change point,shape,0.20455981913688362
华润置地,消防专业,*,公共区域,*,*,*,*,plan_end_time,2020/12/2 0:00,sum of danger_number,85,0.9999896713727309,0.19352193521935218,change point,shape,0.1935199364034149
华润置地,*,*,公共区域,华北大区,*,*,*,plan_end_time,2020/12/2 0:00,sum of danger_number,67,0.9999811164685587,0.14514145141451415,change point,shape,0.14513871063135292
*,电梯专业,*,*,华北大区,*,*,*,plan_end_time,2020/12/8 0:00,sum of danger_number,14,0.9999901766289557,0.12997129971299712,change point,shape,0.12997002295669494
华润置地,*,综合体,租户区域,*,*,*,*,plan_end_time,2020/4/17 0:00,sum of danger_number,20,0.999476916892622,0.1820418204182042,change point,shape,0.1819465974171071
*,*,综合体,*,华北大区,*,*,*,plan_end_time,2020/6/12 0:00,sum of danger_number,222,0.9999642575852525,0.2611726117261173,change point,shape,0.2611632767863083
*,消防专业,综合体,*,*,*,*,*,plan_end_time,2020/6/12 0:00,sum of danger_number,88,0.9999739888767957,0.21279212792127922,change point,shape,0.21278659295902294
华润置地,电梯专业,综合体,*,*,*,*,*,plan_end_time,2020/7/17 0:00,sum of danger_number,47,0.9999336941391559,0.25174251742517423,change point,shape,0.25172582542084526
*,*,综合体,*,*,*,*,*,plan_end_time,2020/6/1 0:00,sum of danger_number,75,0.9997335180128404,0.6773267732677327,change point,shape,0.6771462778832359
*,*,*,公共区域,华北大区,*,*,*,plan_end_time,2020/12/2 0:00,sum of danger_number,67,0.9999811164685587,0.14514145141451415,change point,shape,0.14513871063135292
华润置地,*,综合体,公共区域,*,*,*,*,plan_end_time,2020/6/1 0:00,sum of danger_number,35,0.9998145920543211,0.24764247642476425,change point,shape,0.2475965615419475
*,*,*,*,华北大区,*,*,*,plan_end_time,2020/6/12 0:00,sum of danger_number,222,0.9999642575852525,0.35588355883558837,change point,shape,0.35587083869782665
*,*,*,*,*,*,*,*,plan_end_time,2020/5/27 0:00,sum of danger_number,39,0.999980706716411,1.0,change point,shape,0.999980706716411
*,*,*,*,华南大区,*,*,*,plan_end_time,2020/10/27 0:00,sum of danger_number,42,0.9962737444509873,0.18245182451824518,change point,shape,0.18177196239470658
*,电气专业,*,*,*,*,*,*,plan_end_time,2020/5/29 0:00,sum of danger_number,21,0.9999934103797947,0.18491184911849118,change point,shape,0.18491063061963403
华润置地,消防专业,综合体,*,*,*,*,*,plan_end_time,2020/6/12 0:00,sum of danger_number,88,0.9999739888767957,0.21279212792127922,change point,shape,0.21278659295902294
*,消防专业,*,*,*,*,*,*,plan_end_time,2020/5/27 0:00,sum of danger_number,4,0.9999622575405046,0.3169331693316933,change point,shape,0.31692120749438707
*,电梯专业,综合体,*,*,*,*,*,plan_end_time,2020/7/17 0:00,sum of danger_number,47,0.9999336941391559,0.25174251742517423,change point,shape,0.25172582542084526
华润置地,*,*,租户区域,*,*,*,*,plan_end_time,2020/4/17 0:00,sum of danger_number,20,0.9998424827151485,0.1992619926199262,change point,shape,0.1992306054118746
华润置地,电气专业,*,*,*,*,*,*,plan_end_time,2020/7/5 0:00,sum of danger_number,35,0.999875621302302,0.17507175071750716,change point,shape,0.1750499755211492
*,*,*,公共区域,*,*,*,*,plan_end_time,2020/12/2 0:00,sum of danger_number,127,0.9999811164685587,0.42886428864288645,change point,shape,0.42885619017060783
华润置地,*,*,*,华北大区,*,*,*,plan_end_time,2020/6/12 0:00,sum of danger_number,222,0.9999642575852525,0.35588355883558837,change point,shape,0.35587083869782665
*,电梯专业,*,*,*,*,*,*,plan_end_time,2020/12/8 0:00,sum of danger_number,14,0.9999900906941647,0.3714637146371464,change point,shape,0.37146003368959135
华润置地,*,综合体,*,*,*,*,*,plan_end_time,2020/6/1 0:00,sum of danger_number,75,0.9997335180128404,0.6773267732677327,change point,shape,0.6771462778832359
华润置地,*,综合体,*,华北大区,*,*,*,plan_end_time,2020/6/12 0:00,sum of danger_number,222,0.9999642575852525,0.2611726117261173,change point,shape,0.2611632767863083
*,*,综合体,公共区域,*,*,*,*,plan_end_time,2020/6/1 0:00,sum of danger_number,35,0.9998145920543211,0.24764247642476425,change point,shape,0.2475965615419475
*,消防专业,*,公共区域,*,*,*,*,plan_end_time,2020/12/2 0:00,sum of danger_number,85,0.9999896713727309,0.21689216892168922,change point,shape,0.21688992872331883
华润置地,*,*,公共区域,*,*,*,*,plan_end_time,2020/12/2 0:00,sum of danger_number,127,0.9999811164685587,0.3858138581385814,change point,shape,0.38580657261046075
华润置地,*,*,*,*,*,*,*,plan_end_time,2020/12/2 0:00,sum of danger_number,197,0.9998092685317114,0.9516195161951619,change point,shape,0.951438012407586
华润置地,消防专业,*,*,*,*,*,*,plan_end_time,2020/6/12 0:00,sum of danger_number,105,0.9999739888767957,0.2894628946289463,change point,shape,0.289455365373931
华润置地,电梯专业,*,*,*,*,*,*,plan_end_time,2020/12/8 0:00,sum of danger_number,14,0.9999900906941647,0.3714637146371464,change point,shape,0.37146003368959135
华润置地,*,综合体,*,华南大区,*,*,*,plan_end_time,2020/11/27 0:00,sum of danger_number,270,0.9918868089840129,0.11029110291102912,outlier,shape,0.10939629012574804
*,*,综合体,*,华南大区,*,*,*,plan_end_time,2020/11/27 0:00,sum of danger_number,270,0.9918868089840129,0.11029110291102912,outlier,shape,0.10939629012574804
华润置地,消防专业,*,*,华北大区,*,*,*,plan_end_time,2020/5/29 0:00,sum of danger_number,599,0.9999994329367224,0.1111111111111111,outlier,shape,0.11111104810408026
华润置地,电气专业,*,公共区域,*,*,*,*,plan_end_time,2020/7/23 0:00,sum of danger_number,112,0.9993575642406918,0.12013120131201312,outlier,shape,0.12005402473248163
华润置地,电气专业,综合体,*,*,*,*,*,plan_end_time,2020/11/27 0:00,sum of danger_number,167,0.9999920965909505,0.11562115621156212,outlier,shape,0.1156202424102698
*,电气专业,综合体,*,*,*,*,*,plan_end_time,2020/11/27 0:00,sum of danger_number,167,0.9999920965909505,0.11562115621156212,outlier,shape,0.1156202424102698
*,消防专业,*,*,华北大区,*,*,*,plan_end_time,2020/5/29 0:00,sum of danger_number,599,0.9999994329367224,0.1111111111111111,outlier,shape,0.11111104810408026
*,*,综合体,*,华东大区,*,*,*,plan_end_time,2020/11/6 0:00,sum of danger_number,567,0.9989906358409083,0.12341123411234112,outlier,shape,0.12328666723579884
华润置地,*,综合体,*,华东大区,*,*,*,plan_end_time,2020/11/6 0:00,sum of danger_number,567,0.9989906358409083,0.12341123411234112,outlier,shape,0.12328666723579884
华润置地,电梯专业,*,*,华北大区,*,*,*,plan_end_time,2020/11/27 0:00,sum of danger_number,59,0.9955579234912039,0.12997129971299712,outlier,shape,0.1293939572557243
*,消防专业,综合体,公共区域,*,*,*,*,plan_end_time,2020/5/29 0:00,sum of danger_number,495,0.9999683513464097,0.12341123411234112,outlier,shape,0.12340732831294354
*,电气专业,*,公共区域,*,*,*,*,plan_end_time,2020/7/23 0:00,sum of danger_number,112,0.9994212694073816,0.12915129151291513,outlier,shape,0.12907654770944044
华润置地,*,住宅,*,*,*,*,*,plan_end_time,2020/7/23 0:00,sum of danger_number,328,0.9999999407315779,0.13038130381303814,outlier,shape,0.130381296085544
华润置地,*,综合体,公共区域,*,*,*,*,plan_end_time,2020/5/9 0:00,sum of danger_number,590,0.9999593304658227,0.24764247642476425,outlier,shape,0.24763240492060556
*,电梯专业,*,*,华北大区,*,*,*,plan_end_time,2020/11/27 0:00,sum of danger_number,59,0.9955579234912039,0.12997129971299712,outlier,shape,0.1293939572557243
*,*,*,*,华东大区,*,*,*,plan_end_time,2020/11/6 0:00,sum of danger_number,628,0.9999836768189152,0.16359163591635917,outlier,shape,0.16358896558046215
*,电气专业,*,*,*,*,*,*,plan_end_time,2020/11/27 0:00,sum of danger_number,167,0.99996434358551,0.18491184911849118,outlier,shape,0.1849052558249549
*,*,*,公共区域,华北大区,*,*,*,plan_end_time,2020/5/9 0:00,sum of danger_number,590,0.9999986242216966,0.14514145141451415,outlier,shape,0.14514125173205436
华润置地,消防专业,综合体,公共区域,*,*,*,*,plan_end_time,2020/5/29 0:00,sum of danger_number,495,0.9999683513464097,0.12341123411234112,outlier,shape,0.12340732831294354
*,*,*,租户区域,*,*,*,*,plan_end_time,2020/11/6 0:00,sum of danger_number,207,0.9999852823502098,0.2045920459204592,outlier,shape,0.2045890348063775
华润置地,*,*,*,华东大区,*,*,*,plan_end_time,2020/11/6 0:00,sum of danger_number,628,0.9999836768189152,0.16359163591635917,outlier,shape,0.16358896558046215
*,*,综合体,租户区域,*,*,*,*,plan_end_time,2020/11/6 0:00,sum of danger_number,205,0.9999713804726719,0.1820418204182042,outlier,shape,0.18203661046734987
华润置地,*,综合体,租户区域,*,*,*,*,plan_end_time,2020/11/6 0:00,sum of danger_number,205,0.9999713804726719,0.1820418204182042,outlier,shape,0.18203661046734987
华润置地,*,*,公共区域,华北大区,*,*,*,plan_end_time,2020/5/9 0:00,sum of danger_number,590,0.9999986242216966,0.14514145141451415,outlier,shape,0.14514125173205436
华润置地,*,*,租户区域,*,*,*,*,plan_end_time,2020/11/6 0:00,sum of danger_number,207,0.9999811370577388,0.1992619926199262,outlier,shape,0.19925823395246456
*,消防专业,综合体,*,*,*,*,*,plan_end_time,2020/5/29 0:00,sum of danger_number,599,0.999948476599436,0.21279212792127922,outlier,shape,0.21278116414723547
*,电梯专业,综合体,*,*,*,*,*,plan_end_time,2020/10/16 0:00,sum of danger_number,80,0.9941924583588636,0.25174251742517423,outlier,shape,0.250280512272383
*,*,综合体,*,*,*,*,*,plan_end_time,2020/5/9 0:00,sum of danger_number,692,0.9990397406333916,0.6773267732677327,outlier,shape,0.6766763638894477
华润置地,*,综合体,*,华北大区,*,*,*,plan_end_time,2020/5/9 0:00,sum of danger_number,692,0.9999047937536288,0.2611726117261173,outlier,shape,0.2611477464620999
*,*,综合体,*,华北大区,*,*,*,plan_end_time,2020/5/9 0:00,sum of danger_number,692,0.9999047937536288,0.2611726117261173,outlier,shape,0.2611477464620999
*,*,*,*,华北大区,*,*,*,plan_end_time,2020/5/9 0:00,sum of danger_number,692,0.9999911643296863,0.35588355883558837,outlier,shape,0.35588041436579243
*,*,*,*,*,*,*,*,plan_end_time,2020/11/6 0:00,sum of danger_number,739,0.9998248422062013,1.0,outlier,shape,0.9998248422062013
*,*,*,*,华南大区,*,*,*,plan_end_time,2020/7/23 0:00,sum of danger_number,288,0.9946264338248396,0.18245182451824518,outlier,shape,0.18147140756541763
华润置地,电梯专业,综合体,*,*,*,*,*,plan_end_time,2020/10/16 0:00,sum of danger_number,80,0.9941924583588636,0.25174251742517423,outlier,shape,0.250280512272383
华润置地,消防专业,综合体,*,*,*,*,*,plan_end_time,2020/5/29 0:00,sum of danger_number,599,0.999948476599436,0.21279212792127922,outlier,shape,0.21278116414723547
*,消防专业,*,*,*,*,*,*,plan_end_time,2020/5/29 0:00,sum of danger_number,603,0.999990940786302,0.3169331693316933,outlier,shape,0.31693029816638435
华润置地,*,*,*,华南大区,*,*,*,plan_end_time,2020/7/23 0:00,sum of danger_number,288,0.9946264338248396,0.18245182451824518,outlier,shape,0.18147140756541763
*,*,住宅,*,*,*,*,*,plan_end_time,2020/7/23 0:00,sum of danger_number,328,0.9999999407315779,0.13038130381303814,outlier,shape,0.130381296085544
华润置地,电气专业,*,*,*,*,*,*,plan_end_time,2020/11/27 0:00,sum of danger_number,167,0.9999580380958679,0.17507175071750716,outlier,shape,0.17506440437348733
*,*,*,公共区域,*,*,*,*,plan_end_time,2020/5/9 0:00,sum of danger_number,590,0.9999773713433789,0.42886428864288645,outlier,shape,0.4288545840201617
华润置地,*,*,*,华北大区,*,*,*,plan_end_time,2020/5/9 0:00,sum of danger_number,692,0.9999911643296863,0.35588355883558837,outlier,shape,0.35588041436579243
*,电梯专业,*,*,*,*,*,*,plan_end_time,2020/11/6 0:00,sum of danger_number,109,0.9998861878916077,0.3714637146371464,outlier,shape,0.3714214375685923
*,*,综合体,公共区域,*,*,*,*,plan_end_time,2020/5/9 0:00,sum of danger_number,590,0.9999593304658227,0.24764247642476425,outlier,shape,0.24763240492060556
华润置地,消防专业,*,公共区域,*,*,*,*,plan_end_time,2020/5/29 0:00,sum of danger_number,495,0.9999908608294141,0.19352193521935218,outlier,shape,0.1935201665893741
华润置地,*,*,公共区域,*,*,*,*,plan_end_time,2020/5/9 0:00,sum of danger_number,590,0.999978219910599,0.3858138581385814,outlier,shape,0.385805455078259
*,消防专业,*,公共区域,*,*,*,*,plan_end_time,2020/5/29 0:00,sum of danger_number,499,0.9999925749749973,0.21689216892168922,outlier,shape,0.21689055849191208
华润置地,*,综合体,*,*,*,*,*,plan_end_time,2020/5/9 0:00,sum of danger_number,692,0.9990397406333916,0.6773267732677327,outlier,shape,0.6766763638894477
华润置地,*,*,*,*,*,*,*,plan_end_time,2020/11/6 0:00,sum of danger_number,739,0.9997951816829476,0.9516195161951619,outlier,shape,0.9514246070873806
华润置地,消防专业,*,*,*,*,*,*,plan_end_time,2020/5/29 0:00,sum of danger_number,599,0.9999862939111184,0.2894628946289463,outlier,shape,0.2894589272247846
华润置地,电梯专业,*,*,*,*,*,*,plan_end_time,2020/11/6 0:00,sum of danger_number,109,0.9998861878916077,0.3714637146371464,outlier,shape,0.3714214375685923
*,*,*,*,华南大区,*,*,*,headquarter_tag,华润置地,sum of danger_number,4479,0.9522096477271853,0.18245182451824518,attribution,point,0.17373238755170048
*,电气专业,*,*,*,*,*,*,headquarter_tag,华润置地,sum of danger_number,4155,0.9437208233410332,0.18491184911849118,attribution,point,0.1745051624956154
*,消防专业,综合体,*,*,*,*,*,area,公共区域,sum of danger_number,9910,0.8489955779921291,0.21279212792127922,attribution,point,0.1806595756367015
华润置地,*,*,租户区域,*,*,*,*,profession_tag,综合体,sum of danger_number,3813,0.9333648007426515,0.1992619926199262,attribution,point,0.1859841300372811
*,*,*,租户区域,*,*,*,*,profession_tag,综合体,sum of danger_number,3813,0.9269044098330558,0.2045920459204592,attribution,point,0.1896372695804407
*,*,综合体,*,华北大区,*,*,*,major_name,消防专业,sum of danger_number,5285,0.7199363272447084,0.2611726117261173,attribution,point,0.18802765086300913
华润置地,消防专业,综合体,*,*,*,*,*,area,公共区域,sum of danger_number,9910,0.8489955779921291,0.21279212792127922,attribution,point,0.1806595756367015
华润置地,*,综合体,*,华北大区,*,*,*,major_name,消防专业,sum of danger_number,5285,0.7199363272447084,0.2611726117261173,attribution,point,0.18802765086300913
*,*,综合体,公共区域,*,*,*,*,major_name,消防专业,sum of danger_number,9910,0.8077081613761654,0.24764247642476425,attribution,point,0.20002284931168673
*,消防专业,*,公共区域,*,*,*,*,headquarter_tag,华润置地,sum of danger_number,12926,0.9258913583242996,0.21689216892168922,attribution,point,0.20081858489280627
*,*,*,租户区域,*,*,*,*,headquarter_tag,华润置地,sum of danger_number,4012,0.9469461916394668,0.2045920459204592,attribution,point,0.19373765872410575
*,*,综合体,*,华北大区,*,*,*,area,公共区域,sum of danger_number,5531,0.7540692282790342,0.2611726117261173,attribution,point,0.1969422297719331
*,消防专业,综合体,*,*,*,*,*,headquarter_tag,华润置地,sum of danger_number,12240,0.9522096477271853,0.21279212792127922,attribution,point,0.20262271716703945
*,电梯专业,*,*,*,*,*,*,profession_tag,综合体,sum of danger_number,2017,0.689026730848992,0.3714637146371464,attribution,point,0.25594842892545583
华润置地,消防专业,*,*,*,*,*,*,area,公共区域,sum of danger_number,12926,0.8729156456485232,0.2894628946289463,attribution,point,0.2526766895563171
*,*,综合体,*,华北大区,*,*,*,headquarter_tag,华润置地,sum of danger_number,7832,0.9522096477271853,0.2611726117261173,attribution,point,0.24869108060771508
华润置地,*,*,*,华北大区,*,*,*,major_name,消防专业,sum of danger_number,6212,0.6831184245068135,0.35588355883558837,attribution,point,0.24311061601964498
*,*,*,公共区域,*,*,*,*,profession_tag,综合体,sum of danger_number,13025,0.7482744756245048,0.42886428864288645,attribution,point,0.3209082006983321
*,*,*,*,华北大区,*,*,*,major_name,消防专业,sum of danger_number,6212,0.6831184245068135,0.35588355883558837,attribution,point,0.24311061601964498
*,*,*,*,华北大区,*,*,*,area,公共区域,sum of danger_number,6850,0.7569556306294364,0.35588355883558837,attribution,point,0.2693880637090409
*,*,综合体,公共区域,*,*,*,*,headquarter_tag,华润置地,sum of danger_number,13025,0.9522096477271853,0.24764247642476425,attribution,point,0.23580755523871255
华润置地,*,综合体,公共区域,*,*,*,*,major_name,消防专业,sum of danger_number,9910,0.8077081613761654,0.24764247642476425,attribution,point,0.20002284931168673
华润置地,*,综合体,*,华北大区,*,*,*,area,公共区域,sum of danger_number,5531,0.7540692282790342,0.2611726117261173,attribution,point,0.1969422297719331
*,消防专业,*,*,*,*,*,*,profession_tag,综合体,sum of danger_number,12240,0.7974556911586849,0.3169331693316933,attribution,point,0.252740159600518
华润置地,消防专业,*,*,*,*,*,*,profession_tag,综合体,sum of danger_number,12240,0.8392338091250282,0.2894628946289463,attribution,point,0.24292704765980727
华润置地,*,*,*,*,*,*,*,area,公共区域,sum of danger_number,17382,0.7579968089095542,0.9516195161951619,attribution,point,0.7213245565719866
华润置地,*,*,公共区域,*,*,*,*,major_name,消防专业,sum of danger_number,12926,0.7916451601832137,0.3858138581385814,attribution,point,0.30542767352702094
华润置地,*,*,*,*,*,*,*,profession_tag,综合体,sum of danger_number,18834,0.8152903334528154,0.9516195161951619,attribution,point,0.7758461926789605
华润置地,*,综合体,*,*,*,*,*,area,公共区域,sum of danger_number,13025,0.7384458723034877,0.6773267732677327,attribution,point,0.5001691599201975
*,电梯专业,*,*,*,*,*,*,headquarter_tag,华润置地,sum of danger_number,3113,0.9522096477271853,0.3714637146371464,attribution,point,0.3537113328580688
*,*,*,公共区域,*,*,*,*,headquarter_tag,华润置地,sum of danger_number,17382,0.9265262325584342,0.42886428864288645,attribution,point,0.3973540136351465
*,*,*,*,*,*,*,*,headquarter_tag,华润置地,sum of danger_number,24483,0.9335199402722679,1.0,attribution,point,0.9335199402722679
华润置地,电梯专业,*,*,*,*,*,*,profession_tag,综合体,sum of danger_number,2017,0.689026730848992,0.3714637146371464,attribution,point,0.25594842892545583
华润置地,*,*,*,*,*,*,*,major_name,消防专业,sum of danger_number,15350,0.6639321959695671,0.9516195161951619,attribution,point,0.6318108351149508
*,*,*,*,华北大区,*,*,*,profession_tag,综合体,sum of danger_number,7832,0.8497419809113962,0.35588355883558837,attribution,point,0.3024092002587503
*,*,*,*,*,*,*,*,major_name,消防专业,sum of danger_number,16325,0.6723891208421574,1.0,attribution,point,0.6723891208421574
*,*,*,公共区域,*,*,*,*,major_name,消防专业,sum of danger_number,13843,0.7926810840451839,0.42886428864288645,attribution,point,0.3399526092297099
*,*,*,*,华北大区,*,*,*,headquarter_tag,华润置地,sum of danger_number,9662,0.9522096477271853,0.35588355883558837,attribution,point,0.3388757581907326
华润置地,*,*,公共区域,*,*,*,*,profession_tag,综合体,sum of danger_number,13025,0.7970493345265743,0.3858138581385814,attribution,point,0.30751267888048645
*,*,*,*,*,*,*,*,area,公共区域,sum of danger_number,18588,0.7701841622152914,1.0,attribution,point,0.7701841622152914
华润置地,*,*,*,华北大区,*,*,*,profession_tag,综合体,sum of danger_number,7832,0.8497419809113962,0.35588355883558837,attribution,point,0.3024092002587503
华润置地,*,*,*,华北大区,*,*,*,area,公共区域,sum of danger_number,6850,0.7569556306294364,0.35588355883558837,attribution,point,0.2693880637090409
华润置地,*,综合体,*,*,*,*,*,major_name,消防专业,sum of danger_number,12240,0.6913315976106953,0.6773267732677327,attribution,point,0.4682574002676788
*,消防专业,*,*,*,*,*,*,headquarter_tag,华润置地,sum of danger_number,15350,0.9288915758573375,0.3169331693316933,attribution,point,0.294396551101977
*,*,综合体,*,*,*,*,*,area,公共区域,sum of danger_number,13025,0.7384458723034877,0.6773267732677327,attribution,point,0.5001691599201975
*,电梯专业,综合体,*,*,*,*,*,headquarter_tag,华润置地,sum of danger_number,2017,0.9522096477271853,0.25174251742517423,attribution,point,0.23971165383537996
*,*,综合体,*,*,*,*,*,headquarter_tag,华润置地,sum of danger_number,18834,0.9522096477271853,0.6773267732677327,attribution,point,0.6449570881694588
*,*,*,*,*,*,*,*,profession_tag,综合体,sum of danger_number,18834,0.7797345175322,1.0,attribution,point,0.7797345175322
*,*,综合体,*,*,*,*,*,major_name,消防专业,sum of danger_number,12240,0.6913315976106953,0.6773267732677327,attribution,point,0.4682574002676788
*,消防专业,*,*,*,*,*,*,area,公共区域,sum of danger_number,13843,0.8769506553433188,0.3169331693316933,attribution,point,0.27793475054546346
*,*,*,公共区域,华南大区,*,*,*,plan_end_time,-1,count of risk_level=3,-1,0.3620650116733668,0.08528085280852808,trend,shape,0.030877212967634397
华润置地,*,*,公共区域,华南大区,*,*,*,plan_end_time,-1,count of risk_level=3,-1,0.3620650116733668,0.08528085280852808,trend,shape,0.030877212967634397
*,电气专业,*,*,华北大区,*,*,*,plan_end_time,-1,count of risk_level=3,-1,0.47019794922410507,0.07175071750717507,trend,shape,0.03373704022723181
华润置地,电气专业,*,*,华北大区,*,*,*,plan_end_time,-1,count of risk_level=3,-1,0.47019794922410507,0.07175071750717507,trend,shape,0.03373704022723181
*,电气专业,综合体,公共区域,*,*,*,*,plan_end_time,-1,count of risk_level=3,-1,0.5836823437955494,0.06642066420664207,trend,shape,0.03876856896059
*,电梯专业,*,*,华北大区,*,*,*,plan_end_time,-1,count of risk_level=3,-1,0.3738195700221014,0.12997129971299712,trend,shape,0.048585815373926255
华润置地,电气专业,综合体,公共区域,*,*,*,*,plan_end_time,-1,count of risk_level=3,-1,0.5836823437955494,0.06642066420664207,trend,shape,0.03876856896059
*,*,综合体,*,华北大区,*,*,*,plan_end_time,-1,count of risk_level=3,-1,0.21134705301523216,0.2611726117261173,trend,shape,0.05519806181660635
*,电梯专业,综合体,*,华北大区,*,*,*,plan_end_time,-1,count of risk_level=3,-1,0.7522341665587358,0.08897088970889709,trend,shape,0.06692694306816141
华润置地,电梯专业,*,*,华北大区,*,*,*,plan_end_time,-1,count of risk_level=3,-1,0.3738195700221014,0.12997129971299712,trend,shape,0.048585815373926255
华润置地,*,综合体,*,华北大区,*,*,*,plan_end_time,-1,count of risk_level=3,-1,0.21134705301523216,0.2611726117261173,trend,shape,0.05519806181660635
*,电气专业,*,公共区域,*,*,*,*,plan_end_time,-1,count of risk_level=3,-1,0.41286407766990285,0.12915129151291513,trend,shape,0.053321928850356456
*,消防专业,综合体,租户区域,*,*,*,*,plan_end_time,-1,count of risk_level=3,-1,0.5782464491891236,0.08938089380893809,trend,shape,0.05168418447036857
华润置地,消防专业,*,租户区域,*,*,*,*,plan_end_time,-1,count of risk_level=3,-1,0.5830314199353592,0.0959409594095941,trend,shape,0.05593659379453631
华润置地,消防专业,综合体,租户区域,*,*,*,*,plan_end_time,-1,count of risk_level=3,-1,0.5782464491891236,0.08938089380893809,trend,shape,0.05168418447036857
*,电气专业,综合体,*,*,*,*,*,plan_end_time,-1,count of risk_level=3,-1,0.6651875093381144,0.11562115621156212,trend,shape,0.07690974892716207
*,*,*,*,华南大区,*,*,*,plan_end_time,-1,count of risk_level=3,-1,0.3346699427618043,0.18245182451824518,trend,shape,0.061061141668307874
华润置地,消防专业,综合体,公共区域,*,*,*,*,plan_end_time,-1,count of risk_level=3,-1,0.8253901087695751,0.12341123411234112,trend,shape,0.10186241194737274
华润置地,*,综合体,租户区域,*,*,*,*,plan_end_time,-1,count of risk_level=3,-1,0.5836233944860757,0.1820418204182042,trend,shape,0.10624386517089693
*,*,综合体,租户区域,*,*,*,*,plan_end_time,-1,count of risk_level=3,-1,0.5836233944860757,0.1820418204182042,trend,shape,0.10624386517089693
*,消防专业,*,租户区域,*,*,*,*,plan_end_time,-1,count of risk_level=3,-1,0.5830314199353592,0.1000410004100041,trend,shape,0.05832704652079855
华润置地,电气专业,*,*,*,*,*,*,plan_end_time,-1,count of risk_level=3,-1,0.5098190684531949,0.17507175071750716,trend,shape,0.08925491686326946
*,消防专业,综合体,*,*,*,*,*,plan_end_time,-1,count of risk_level=3,-1,0.8189200273410799,0.21279212792127922,trend,shape,0.17425973521526056
华润置地,电气专业,*,公共区域,*,*,*,*,plan_end_time,-1,count of risk_level=3,-1,0.46269020915428927,0.12013120131201312,trend,shape,0.05558353066101138
华润置地,电梯专业,综合体,*,华北大区,*,*,*,plan_end_time,-1,count of risk_level=3,-1,0.7522341665587358,0.08897088970889709,trend,shape,0.06692694306816141
华润置地,*,*,*,华北大区,*,*,*,plan_end_time,-1,count of risk_level=3,-1,0.2872629940068675,0.35588355883558837,trend,shape,0.1022321766289303
华润置地,*,*,租户区域,*,*,*,*,plan_end_time,-1,count of risk_level=3,-1,0.5886615774883933,0.1992619926199262,trend,shape,0.11729787890912634
华润置地,电梯专业,综合体,*,*,*,*,*,plan_end_time,-1,count of risk_level=3,-1,0.5800644487023168,0.25174251742517423,trend,shape,0.14602688458516705
华润置地,电气专业,综合体,*,*,*,*,*,plan_end_time,-1,count of risk_level=3,-1,0.6651875093381144,0.11562115621156212,trend,shape,0.07690974892716207
*,*,综合体,*,*,*,*,*,plan_end_time,-1,count of risk_level=3,-1,0.7336810277589669,0.6773267732677327,trend,shape,0.4969418031397349
华润置地,*,*,*,华南大区,*,*,*,plan_end_time,-1,count of risk_level=3,-1,0.3346699427618043,0.18245182451824518,trend,shape,0.061061141668307874
*,*,*,*,*,*,*,*,plan_end_time,-1,count of risk_level=3,-1,0.5162791252278408,1.0,trend,shape,0.5162791252278408
*,*,*,*,华北大区,*,*,*,plan_end_time,-1,count of risk_level=3,-1,0.2872629940068675,0.35588355883558837,trend,shape,0.1022321766289303
*,电气专业,*,*,*,*,*,*,plan_end_time,-1,count of risk_level=3,-1,0.47667008581582837,0.18491184911849118,trend,shape,0.08814194698767469
华润置地,电梯专业,*,*,*,*,*,*,plan_end_time,-1,count of risk_level=3,-1,0.3849462441763539,0.3714637146371464,trend,shape,0.14299356179736641
*,电梯专业,*,*,*,*,*,*,plan_end_time,-1,count of risk_level=3,-1,0.3849462441763539,0.3714637146371464,trend,shape,0.14299356179736641
华润置地,*,综合体,*,*,*,*,*,plan_end_time,-1,count of risk_level=3,-1,0.7336810277589669,0.6773267732677327,trend,shape,0.4969418031397349
华润置地,*,综合体,公共区域,*,*,*,*,plan_end_time,-1,count of risk_level=3,-1,0.7366615906291545,0.24764247642476425,trend,shape,0.18242870059040972
华润置地,消防专业,*,公共区域,*,*,*,*,plan_end_time,-1,count of risk_level=3,-1,0.585901246329182,0.19352193521935218,trend,shape,0.11338474303705365
*,消防专业,*,*,*,*,*,*,plan_end_time,-1,count of risk_level=3,-1,0.608068753525351,0.3169331693316933,trend,shape,0.19271715722636173
*,消防专业,*,公共区域,*,*,*,*,plan_end_time,-1,count of risk_level=3,-1,0.5634102933370096,0.21689216892168922,trend,shape,0.12219928051466918
*,*,*,公共区域,*,*,*,*,plan_end_time,-1,count of risk_level=3,-1,0.4949137870855149,0.42886428864288645,trend,shape,0.21225084923798632
*,消防专业,综合体,公共区域,*,*,*,*,plan_end_time,-1,count of risk_level=3,-1,0.8253901087695751,0.12341123411234112,trend,shape,0.10186241194737274
*,*,*,租户区域,*,*,*,*,plan_end_time,-1,count of risk_level=3,-1,0.5886615774883933,0.2045920459204592,trend,shape,0.12043547649311533
华润置地,消防专业,综合体,*,*,*,*,*,plan_end_time,-1,count of risk_level=3,-1,0.8189200273410799,0.21279212792127922,trend,shape,0.17425973521526056
*,*,综合体,公共区域,*,*,*,*,plan_end_time,-1,count of risk_level=3,-1,0.7366615906291545,0.24764247642476425,trend,shape,0.18242870059040972
华润置地,消防专业,*,*,*,*,*,*,plan_end_time,-1,count of risk_level=3,-1,0.626846818347207,0.2894628946289463,trend,shape,0.18144889452772783
华润置地,*,*,*,*,*,*,*,plan_end_time,-1,count of risk_level=3,-1,0.5288670081081803,0.9516195161951619,trend,shape,0.5032801663874894
*,电梯专业,综合体,*,*,*,*,*,plan_end_time,-1,count of risk_level=3,-1,0.5800644487023168,0.25174251742517423,trend,shape,0.14602688458516705
华润置地,*,*,公共区域,*,*,*,*,plan_end_time,-1,count of risk_level=3,-1,0.5161569662999406,0.3858138581385814,trend,shape,0.1991405105732858
华润置地,*,*,公共区域,华南大区,*,*,*,profession_tag,综合体,count of risk_level=3,261,0.375779843678877,0.08528085280852808,top1,point,0.03204682553719
华润置地,消防专业,*,*,华东大区,*,*,*,profession_tag,综合体,count of risk_level=3,242,0.7737879442454136,0.04592045920459205,top1,point,0.03553269772672667
华润置地,*,长租公寓,*,*,*,*,*,region_tag,华北大区,count of risk_level=3,39,0.9468598186037582,0.038130381303813035,top1,point,0.03610412592462055
*,消防专业,*,*,华东大区,*,*,*,profession_tag,综合体,count of risk_level=3,242,0.7737879442454136,0.04592045920459205,top1,point,0.03553269772672667
华润置地,电梯专业,住宅,*,*,*,*,*,region_tag,华南大区,count of risk_level=3,37,0.7460319797516064,0.05617056170561706,top1,point,0.04190503535300126
*,*,*,*,华东大区,*,*,*,area,公共区域,count of risk_level=3,364,0.2526747830724658,0.16359163591635917,top1,point,0.04133548111763586
*,电梯专业,住宅,*,*,*,*,*,region_tag,华南大区,count of risk_level=3,37,0.7460319797516064,0.05617056170561706,top1,point,0.04190503535300126
华润置地,*,*,*,华东大区,*,*,*,area,公共区域,count of risk_level=3,364,0.2526747830724658,0.16359163591635917,top1,point,0.04133548111763586
*,*,长租公寓,*,*,*,*,*,region_tag,华北大区,count of risk_level=3,39,0.9468598186037582,0.038130381303813035,top1,point,0.03610412592462055
*,*,*,井道,*,*,*,*,region_tag,华北大区,count of risk_level=3,35,0.7568793269711815,0.06847068470684707,top1,point,0.051824045758174384
华润置地,*,*,公共区域,华东大区,*,*,*,profession_tag,综合体,count of risk_level=3,273,0.7387716753506581,0.06560065600656007,top1,point,0.04846390654206859
*,*,*,*,东北大区,*,*,*,area,公共区域,count of risk_level=3,171,0.5025517654694456,0.08651086510865108,top1,point,0.04347618799264166
华润置地,*,*,*,*,*,*,*,region_tag,华北大区,count of risk_level=3,927,0.048381137935347124,0.9516195161951619,top1,point,0.04604043507500643
华润置地,电梯专业,*,井道,*,*,*,*,region_tag,华北大区,count of risk_level=3,35,0.7568793269711815,0.06847068470684707,top1,point,0.051824045758174384
华润置地,*,*,*,华东大区,*,*,*,profession_tag,综合体,count of risk_level=3,410,0.8347015638328636,0.16359163591635917,top1,point,0.13655019432936147
*,*,综合体,*,华东大区,*,*,*,project_tag,上海时代广场,count of risk_level=3,123,0.5425924790936789,0.12341123411234112,top1,point,0.06696200746502556
*,*,综合体,*,华东大区,*,*,*,area,公共区域,count of risk_level=3,273,0.3349997071576428,0.12341123411234112,top1,point,0.041342727287597573
华润置地,*,*,*,东北大区,*,*,*,area,公共区域,count of risk_level=3,171,0.5025517654694456,0.08651086510865108,top1,point,0.04347618799264166
华润置地,*,综合体,*,华东大区,*,*,*,area,公共区域,count of risk_level=3,273,0.3349997071576428,0.12341123411234112,top1,point,0.041342727287597573
*,消防专业,*,*,华北大区,*,*,*,profession_tag,综合体,count of risk_level=3,475,0.9980334062815711,0.1111111111111111,top1,point,0.11089260069795234
*,电梯专业,*,井道,*,*,*,*,region_tag,华北大区,count of risk_level=3,35,0.7568793269711815,0.06847068470684707,top1,point,0.051824045758174384
*,*,*,*,华东大区,*,*,*,project_tag,上海时代广场,count of risk_level=3,123,0.4591533669468813,0.16359163591635917,top1,point,0.07511365043534467
*,*,写字楼,*,*,*,*,*,region_tag,华北大区,count of risk_level=3,53,0.985623985744382,0.06724067240672407,top1,point,0.06627401954164767
华润置地,*,综合体,*,华东大区,*,*,*,project_tag,上海时代广场,count of risk_level=3,123,0.5425924790936789,0.12341123411234112,top1,point,0.06696200746502556
华润置地,*,*,井道,*,*,*,*,region_tag,华北大区,count of risk_level=3,35,0.7568793269711815,0.06847068470684707,top1,point,0.051824045758174384
华润置地,*,*,*,华北大区,*,*,*,profession_tag,综合体,count of risk_level=3,691,0.9974766188178994,0.35588355883558837,top1,point,0.35498552896020363
华润置地,*,住宅,*,*,*,*,*,region_tag,华南大区,count of risk_level=3,134,0.6702624492360612,0.13038130381303814,top1,point,0.08738969202831795
华润置地,*,*,*,华东大区,*,*,*,project_tag,上海时代广场,count of risk_level=3,123,0.4591533669468813,0.16359163591635917,top1,point,0.07511365043534467
华润置地,消防专业,*,公共区域,*,*,*,*,profession_tag,综合体,count of risk_level=3,1109,0.622954949052786,0.19352193521935218,top1,point,0.1205554472951681
*,*,*,*,华北大区,*,*,*,profession_tag,综合体,count of risk_level=3,691,0.9974766188178994,0.35588355883558837,top1,point,0.35498552896020363
华润置地,*,*,公共区域,*,*,*,*,profession_tag,综合体,count of risk_level=3,1378,0.6709994564599893,0.3858138581385814,top1,point,0.2588808891057195
*,*,*,公共区域,华北大区,*,*,*,profession_tag,综合体,count of risk_level=3,523,0.9982095072430448,0.14514145141451415,top1,point,0.1448815766970225
华润置地,*,*,公共区域,华北大区,*,*,*,profession_tag,综合体,count of risk_level=3,523,0.9982095072430448,0.14514145141451415,top1,point,0.1448815766970225
*,*,*,*,华东大区,*,*,*,profession_tag,综合体,count of risk_level=3,410,0.8347015638328636,0.16359163591635917,top1,point,0.13655019432936147
*,*,*,公共区域,*,*,*,*,profession_tag,综合体,count of risk_level=3,1378,0.7932288288686502,0.42886428864288645,top1,point,0.34018751742378356
华润置地,消防专业,*,*,华北大区,*,*,*,profession_tag,综合体,count of risk_level=3,475,0.9980334062815711,0.1111111111111111,top1,point,0.11089260069795234
华润置地,*,写字楼,*,*,*,*,*,region_tag,华北大区,count of risk_level=3,53,0.985623985744382,0.06724067240672407,top1,point,0.06627401954164767
华润置地,*,综合体,*,*,*,*,*,area,公共区域,count of risk_level=3,1378,0.19556532053477554,0.6773267732677327,top1,point,0.13246162752088939
*,*,*,公共区域,华东大区,*,*,*,profession_tag,综合体,count of risk_level=3,273,0.7387716753506581,0.06560065600656007,top1,point,0.04846390654206859
华润置地,*,*,*,*,*,*,*,profession_tag,综合体,count of risk_level=3,1915,0.7200916444986916,0.9516195161951619,top1,point,0.6852532623540234
*,*,综合体,*,*,*,*,*,area,公共区域,count of risk_level=3,1378,0.19556532053477554,0.6773267732677327,top1,point,0.13246162752088939
*,*,综合体,*,东北大区,*,*,*,area,公共区域,count of risk_level=3,145,0.770116755002639,0.07052070520705207,top1,point,0.05430917665455265
华润置地,*,综合体,*,东北大区,*,*,*,area,公共区域,count of risk_level=3,145,0.770116755002639,0.07052070520705207,top1,point,0.05430917665455265
*,消防专业,*,公共区域,*,*,*,*,profession_tag,综合体,count of risk_level=3,1109,0.8242421223377226,0.21689216892168922,top1,point,0.17877166163044497
*,*,住宅,*,*,*,*,*,region_tag,华南大区,count of risk_level=3,134,0.6702624492360612,0.13038130381303814,top1,point,0.08738969202831795
华润置地,消防专业,*,*,*,*,*,*,profession_tag,综合体,count of risk_level=3,1250,0.698116941281794,0.2894628946289463,top1,point,0.20207895061293424
*,消防专业,*,公共区域,华北大区,*,*,*,profession_tag,综合体,count of risk_level=3,431,0.9978460306963133,0.07216072160721607,top1,point,0.07200528962794224
*,*,*,*,*,*,*,*,profession_tag,综合体,count of risk_level=3,1915,0.8744243840289789,1.0,top1,point,0.8744243840289789
华润置地,消防专业,*,公共区域,华北大区,*,*,*,profession_tag,综合体,count of risk_level=3,431,0.9978460306963133,0.07216072160721607,top1,point,0.07200528962794224
*,消防专业,*,*,*,*,*,*,profession_tag,综合体,count of risk_level=3,1250,0.8655472669494976,0.3169331693316933,top1,point,0.27432063852068944
*,消防专业,*,租户区域,*,*,*,*,plan_end_time,2020/11/17 0:00,count of risk_level=3,0,0.9999980701917816,0.1000410004100041,change point,shape,0.10004080735005934
*,*,综合体,公共区域,华北大区,*,*,*,plan_end_time,2020/12/25 0:00,count of risk_level=3,28,0.999963427544125,0.1025010250102501,change point,shape,0.10249727629603578
华润置地,*,综合体,公共区域,华北大区,*,*,*,plan_end_time,2020/12/25 0:00,count of risk_level=3,28,0.999963427544125,0.1025010250102501,change point,shape,0.10249727629603578
*,*,综合体,*,华南大区,*,*,*,plan_end_time,2020/10/24 0:00,count of risk_level=3,3,0.9952492751574765,0.11029110291102912,change point,shape,0.10976714022852038
华润置地,消防专业,综合体,公共区域,*,*,*,*,plan_end_time,2020/6/12 0:00,count of risk_level=3,2,0.9999025444765355,0.12341123411234112,change point,shape,0.1233992070059193
*,电梯专业,*,*,华北大区,*,*,*,plan_end_time,2020/9/19 0:00,count of risk_level=3,1,0.9999980701917816,0.12997129971299712,change point,shape,0.12997104889331476
华润置地,*,综合体,*,华南大区,*,*,*,plan_end_time,2020/10/24 0:00,count of risk_level=3,3,0.9952492751574765,0.11029110291102912,change point,shape,0.10976714022852038
*,消防专业,*,*,华北大区,*,*,*,plan_end_time,2020/9/4 0:00,count of risk_level=3,2,0.9999920154870096,0.1111111111111111,change point,shape,0.11111022394300106
华润置地,电气专业,综合体,*,*,*,*,*,plan_end_time,2020/9/4 0:00,count of risk_level=3,10,0.9999980701917816,0.11562115621156212,change point,shape,0.11562093308490463
华润置地,*,综合体,租户区域,*,*,*,*,plan_end_time,2020/6/12 0:00,count of risk_level=3,4,0.999990493618591,0.1820418204182042,change point,shape,0.1820400898592269
华润置地,*,综合体,*,华东大区,*,*,*,plan_end_time,2020/7/18 0:00,count of risk_level=3,8,0.9999271098860983,0.12341123411234112,change point,shape,0.12340223865342992
华润置地,*,住宅,*,*,*,*,*,plan_end_time,2020/7/14 0:00,count of risk_level=3,10,0.9993317625085101,0.13038130381303814,change point,shape,0.13029417813764094
*,*,*,*,华南大区,*,*,*,plan_end_time,2020/11/11 0:00,count of risk_level=3,13,0.999421857125119,0.18245182451824518,change point,shape,0.18234634129589092
华润置地,消防专业,*,*,华北大区,*,*,*,plan_end_time,2020/9/4 0:00,count of risk_level=3,2,0.9999920154870096,0.1111111111111111,change point,shape,0.11111022394300106
*,消防专业,综合体,公共区域,*,*,*,*,plan_end_time,2020/6/12 0:00,count of risk_level=3,2,0.9999025444765355,0.12341123411234112,change point,shape,0.1233992070059193
*,*,住宅,*,*,*,*,*,plan_end_time,2020/7/14 0:00,count of risk_level=3,10,0.9993317625085101,0.13038130381303814,change point,shape,0.13029417813764094
华润置地,*,*,*,华南大区,*,*,*,plan_end_time,2020/11/11 0:00,count of risk_level=3,13,0.999421857125119,0.18245182451824518,change point,shape,0.18234634129589092
*,电气专业,综合体,*,*,*,*,*,plan_end_time,2020/9/4 0:00,count of risk_level=3,10,0.9999980701917816,0.11562115621156212,change point,shape,0.11562093308490463
华润置地,*,*,公共区域,华北大区,*,*,*,plan_end_time,2020/7/9 0:00,count of risk_level=3,10,0.9999888235884602,0.14514145141451415,change point,shape,0.14513982925392166
华润置地,消防专业,*,*,*,*,*,*,plan_end_time,2020/7/14 0:00,count of risk_level=3,7,0.9999974230430438,0.2894628946289463,change point,shape,0.28946214869552644
华润置地,电梯专业,综合体,*,*,*,*,*,plan_end_time,2020/10/16 0:00,count of risk_level=3,6,0.9999888235884602,0.25174251742517423,change point,shape,0.2517397038471974
华润置地,*,*,*,华东大区,*,*,*,plan_end_time,2020/7/18 0:00,count of risk_level=3,8,0.9999271098860983,0.16359163591635917,change point,shape,0.16357971170338387
*,消防专业,*,公共区域,*,*,*,*,plan_end_time,2020/7/14 0:00,count of risk_level=3,7,0.9999974230430438,0.21689216892168922,change point,shape,0.21689160999990578
*,*,*,*,华东大区,*,*,*,plan_end_time,2020/7/18 0:00,count of risk_level=3,8,0.9999271098860983,0.16359163591635917,change point,shape,0.16357971170338387
华润置地,*,综合体,公共区域,*,*,*,*,plan_end_time,2020/6/1 0:00,count of risk_level=3,5,0.9999773451706713,0.24764247642476425,change point,shape,0.2476368661267263
*,*,综合体,*,*,*,*,*,plan_end_time,2020/6/1 0:00,count of risk_level=3,13,0.9999444173852623,0.6773267732677327,change point,shape,0.6772891256746426
华润置地,消防专业,综合体,*,*,*,*,*,plan_end_time,2020/6/12 0:00,count of risk_level=3,2,0.9999084700018126,0.21279212792127922,change point,shape,0.2127726510581963
*,*,*,公共区域,华北大区,*,*,*,plan_end_time,2020/7/9 0:00,count of risk_level=3,10,0.9999888235884602,0.14514145141451415,change point,shape,0.14513982925392166
华润置地,电梯专业,*,*,华北大区,*,*,*,plan_end_time,2020/9/19 0:00,count of risk_level=3,1,0.9999980701917816,0.12997129971299712,change point,shape,0.12997104889331476
*,*,综合体,*,华东大区,*,*,*,plan_end_time,2020/7/18 0:00,count of risk_level=3,8,0.9999271098860983,0.12341123411234112,change point,shape,0.12340223865342992
华润置地,消防专业,*,公共区域,*,*,*,*,plan_end_time,2020/7/14 0:00,count of risk_level=3,7,0.9999974230430438,0.19352193521935218,change point,shape,0.19352143652165504
*,*,*,*,*,*,*,*,plan_end_time,2020/5/9 0:00,count of risk_level=3,53,0.9999965314917061,1.0,change point,shape,0.9999965314917061
*,*,综合体,租户区域,*,*,*,*,plan_end_time,2020/6/12 0:00,count of risk_level=3,4,0.999990493618591,0.1820418204182042,change point,shape,0.1820400898592269
*,电气专业,*,*,*,*,*,*,plan_end_time,2020/6/4 0:00,count of risk_level=3,1,0.9999958382219004,0.18491184911849118,change point,shape,0.18491107955640718
*,消防专业,综合体,*,*,*,*,*,plan_end_time,2020/6/12 0:00,count of risk_level=3,2,0.9999084700018126,0.21279212792127922,change point,shape,0.2127726510581963
*,*,*,公共区域,*,*,*,*,plan_end_time,2020/5/9 0:00,count of risk_level=3,48,0.9999918567121168,0.42886428864288645,change point,shape,0.4288607962775212
*,*,*,租户区域,*,*,*,*,plan_end_time,2020/7/30 0:00,count of risk_level=3,17,0.9999980701917816,0.2045920459204592,change point,shape,0.20459165109704755
*,消防专业,*,*,*,*,*,*,plan_end_time,2020/7/14 0:00,count of risk_level=3,7,0.9999974230430438,0.3169331693316933,change point,shape,0.31693235260855795
华润置地,*,*,*,华北大区,*,*,*,plan_end_time,2020/9/7 0:00,count of risk_level=3,2,0.9999718287261415,0.35588355883558837,change point,shape,0.3558735331423907
*,电梯专业,*,*,*,*,*,*,plan_end_time,2020/10/22 0:00,count of risk_level=3,5,0.9999980701917816,0.3714637146371464,change point,shape,0.371462997783417
华润置地,电梯专业,*,*,*,*,*,*,plan_end_time,2020/10/22 0:00,count of risk_level=3,5,0.9999980701917816,0.3714637146371464,change point,shape,0.371462997783417
华润置地,*,综合体,*,华北大区,*,*,*,plan_end_time,2020/6/12 0:00,count of risk_level=3,9,0.9999444173852623,0.2611726117261173,change point,shape,0.26115809506945964
*,*,综合体,*,华北大区,*,*,*,plan_end_time,2020/6/12 0:00,count of risk_level=3,9,0.9999444173852623,0.2611726117261173,change point,shape,0.26115809506945964
*,电梯专业,综合体,*,*,*,*,*,plan_end_time,2020/10/16 0:00,count of risk_level=3,6,0.9999888235884602,0.25174251742517423,change point,shape,0.2517397038471974
华润置地,*,*,租户区域,*,*,*,*,plan_end_time,2020/7/30 0:00,count of risk_level=3,17,0.9999980701917816,0.1992619926199262,change point,shape,0.1992616080824952
*,*,综合体,公共区域,*,*,*,*,plan_end_time,2020/6/1 0:00,count of risk_level=3,5,0.9999773451706713,0.24764247642476425,change point,shape,0.2476368661267263
华润置地,*,综合体,*,*,*,*,*,plan_end_time,2020/6/1 0:00,count of risk_level=3,13,0.9999444173852623,0.6773267732677327,change point,shape,0.6772891256746426
华润置地,*,*,*,*,*,*,*,plan_end_time,2020/6/5 0:00,count of risk_level=3,24,0.9999617816009608,0.9516195161951619,change point,shape,0.9515831468207585
华润置地,*,*,公共区域,*,*,*,*,plan_end_time,2020/11/20 0:00,count of risk_level=3,27,0.9999966772880292,0.3858138581385814,change point,shape,0.38581257619025644
*,*,*,*,华北大区,*,*,*,plan_end_time,2020/9/7 0:00,count of risk_level=3,2,0.9999718287261415,0.35588355883558837,change point,shape,0.3558735331423907
*,*,综合体,*,华南大区,*,*,*,plan_end_time,2020/11/27 0:00,count of risk_level=3,36,0.9986879815725399,0.11029110291102912,outlier,shape,0.11014639895162495
华润置地,消防专业,*,*,华北大区,*,*,*,plan_end_time,2020/5/9 0:00,count of risk_level=3,41,0.9996801828197788,0.1111111111111111,outlier,shape,0.1110755758688643
华润置地,*,综合体,*,华南大区,*,*,*,plan_end_time,2020/11/27 0:00,count of risk_level=3,36,0.9986879815725399,0.11029110291102912,outlier,shape,0.11014639895162495
*,电气专业,综合体,*,*,*,*,*,plan_end_time,2020/7/30 0:00,count of risk_level=3,15,0.9962143450343667,0.11562115621156212,outlier,shape,0.11518345440741755
华润置地,电气专业,综合体,*,*,*,*,*,plan_end_time,2020/7/30 0:00,count of risk_level=3,15,0.9962143450343667,0.11562115621156212,outlier,shape,0.11518345440741755
*,电梯专业,*,*,华北大区,*,*,*,plan_end_time,2020/7/29 0:00,count of risk_level=3,11,0.9995068681164202,0.12997129971299712,outlier,shape,0.12990720672115832
*,消防专业,*,*,华北大区,*,*,*,plan_end_time,2020/5/9 0:00,count of risk_level=3,41,0.9996801828197788,0.1111111111111111,outlier,shape,0.1110755758688643
华润置地,*,综合体,*,华东大区,*,*,*,plan_end_time,2020/11/6 0:00,count of risk_level=3,88,0.9993437328906312,0.12341123411234112,outlier,shape,0.12333024337846657
华润置地,电气专业,*,公共区域,*,*,*,*,plan_end_time,2020/7/29 0:00,count of risk_level=3,14,0.999851822005907,0.12013120131201312,outlier,shape,0.12011340051157472
*,电气专业,*,公共区域,*,*,*,*,plan_end_time,2020/8/26 0:00,count of risk_level=3,15,0.9999014617883889,0.12915129151291513,outlier,shape,0.1291385651756222
*,消防专业,综合体,公共区域,*,*,*,*,plan_end_time,2020/11/6 0:00,count of risk_level=3,48,0.9989060913766938,0.12341123411234112,outlier,shape,0.12327623349913278
华润置地,消防专业,综合体,*,*,*,*,*,plan_end_time,2020/11/6 0:00,count of risk_level=3,69,0.9999833528465905,0.21279212792127922,outlier,shape,0.21278858553808136
*,*,综合体,租户区域,*,*,*,*,plan_end_time,2020/11/6 0:00,count of risk_level=3,28,0.9999999819875004,0.1820418204182042,outlier,shape,0.18204181713917597
华润置地,消防专业,综合体,公共区域,*,*,*,*,plan_end_time,2020/11/6 0:00,count of risk_level=3,48,0.9989060913766938,0.12341123411234112,outlier,shape,0.12327623349913278
华润置地,*,住宅,*,*,*,*,*,plan_end_time,2020/7/23 0:00,count of risk_level=3,45,0.9999928427265076,0.13038130381303814,outlier,shape,0.13038037063838845
*,*,*,*,华东大区,*,*,*,plan_end_time,2020/11/6 0:00,count of risk_level=3,95,0.99999036355744,0.16359163591635917,outlier,shape,0.16359005947495636
华润置地,电梯专业,*,*,华北大区,*,*,*,plan_end_time,2020/7/29 0:00,count of risk_level=3,11,0.9995068681164202,0.12997129971299712,outlier,shape,0.12990720672115832
华润置地,*,*,*,华南大区,*,*,*,plan_end_time,2020/7/23 0:00,count of risk_level=3,41,0.9985680679455423,0.18245182451824518,outlier,shape,0.18219056590232321
*,*,住宅,*,*,*,*,*,plan_end_time,2020/7/23 0:00,count of risk_level=3,45,0.9999928427265076,0.13038130381303814,outlier,shape,0.13038037063838845
*,*,*,租户区域,*,*,*,*,plan_end_time,2020/11/6 0:00,count of risk_level=3,29,0.999999995945568,0.2045920459204592,outlier,shape,0.20459204509095466
华润置地,*,*,公共区域,华北大区,*,*,*,plan_end_time,2020/5/9 0:00,count of risk_level=3,48,0.9997568953125737,0.14514145141451415,outlier,shape,0.14510616684733543
*,*,综合体,*,华东大区,*,*,*,plan_end_time,2020/11/6 0:00,count of risk_level=3,88,0.9993437328906312,0.12341123411234112,outlier,shape,0.12333024337846657
华润置地,*,*,*,华东大区,*,*,*,plan_end_time,2020/11/6 0:00,count of risk_level=3,95,0.99999036355744,0.16359163591635917,outlier,shape,0.16359005947495636
华润置地,消防专业,*,*,*,*,*,*,plan_end_time,2020/11/6 0:00,count of risk_level=3,74,0.9999981708350587,0.2894628946289463,outlier,shape,0.28946236515356766
华润置地,*,综合体,公共区域,*,*,*,*,plan_end_time,2020/12/4 0:00,count of risk_level=3,55,0.9987497528119632,0.24764247642476425,outlier,shape,0.2473328621149757
*,消防专业,*,公共区域,*,*,*,*,plan_end_time,2020/11/6 0:00,count of risk_level=3,52,0.9998274009617011,0.21689216892168922,outlier,shape,0.21685473354191878
*,消防专业,综合体,*,*,*,*,*,plan_end_time,2020/11/6 0:00,count of risk_level=3,69,0.9999833528465905,0.21279212792127922,outlier,shape,0.21278858553808136
*,*,综合体,*,*,*,*,*,plan_end_time,2020/11/6 0:00,count of risk_level=3,95,0.9999893297919624,0.6773267732677327,outlier,shape,0.6773195460501525
华润置地,*,综合体,租户区域,*,*,*,*,plan_end_time,2020/11/6 0:00,count of risk_level=3,28,0.9999999819875004,0.1820418204182042,outlier,shape,0.18204181713917597
*,*,综合体,*,华北大区,*,*,*,plan_end_time,2020/5/9 0:00,count of risk_level=3,53,0.998970277375845,0.2611726117261173,outlier,shape,0.26090367637901324
*,*,*,*,华北大区,*,*,*,plan_end_time,2020/7/29 0:00,count of risk_level=3,56,0.9996858507650346,0.35588355883558837,outlier,shape,0.3557717582878434
*,*,*,*,*,*,*,*,plan_end_time,2020/11/6 0:00,count of risk_level=3,102,0.9999980752602892,1.0,outlier,shape,0.9999980752602892
*,*,*,*,华南大区,*,*,*,plan_end_time,2020/7/23 0:00,count of risk_level=3,41,0.9985680679455423,0.18245182451824518,outlier,shape,0.18219056590232321
*,电气专业,*,*,*,*,*,*,plan_end_time,2020/7/30 0:00,count of risk_level=3,20,0.9998928617688868,0.18491184911849118,outlier,shape,0.18489203799006476
华润置地,*,综合体,*,华北大区,*,*,*,plan_end_time,2020/5/9 0:00,count of risk_level=3,53,0.998970277375845,0.2611726117261173,outlier,shape,0.26090367637901324
*,消防专业,*,*,*,*,*,*,plan_end_time,2020/11/6 0:00,count of risk_level=3,74,0.9999991122384193,0.3169331693316933,outlier,shape,0.31693288797060193
华润置地,消防专业,*,公共区域,*,*,*,*,plan_end_time,2020/11/6 0:00,count of risk_level=3,52,0.9997317204273591,0.19352193521935218,outlier,shape,0.1934700172372749
*,电梯专业,综合体,*,*,*,*,*,plan_end_time,2020/7/21 0:00,count of risk_level=3,15,0.9999300903127631,0.25174251742517423,outlier,shape,0.2517249181845168
华润置地,电气专业,*,*,*,*,*,*,plan_end_time,2020/7/30 0:00,count of risk_level=3,20,0.9999097763858352,0.17507175071750716,outlier,shape,0.17505595511141928
*,*,*,公共区域,*,*,*,*,plan_end_time,2020/11/6 0:00,count of risk_level=3,58,0.9994941259353136,0.42886428864288645,outlier,shape,0.42864733732199184
华润置地,*,*,*,华北大区,*,*,*,plan_end_time,2020/7/29 0:00,count of risk_level=3,56,0.9996858507650346,0.35588355883558837,outlier,shape,0.3557717582878434
*,电梯专业,*,*,*,*,*,*,plan_end_time,2020/7/21 0:00,count of risk_level=3,17,0.9999348965087782,0.3714637146371464,outlier,shape,0.3714395310524613
华润置地,*,*,租户区域,*,*,*,*,plan_end_time,2020/11/6 0:00,count of risk_level=3,29,0.9999999933462682,0.1992619926199262,outlier,shape,0.19926199129409033
*,*,综合体,公共区域,*,*,*,*,plan_end_time,2020/12/4 0:00,count of risk_level=3,55,0.9987497528119632,0.24764247642476425,outlier,shape,0.2473328621149757
*,*,*,公共区域,华北大区,*,*,*,plan_end_time,2020/5/9 0:00,count of risk_level=3,48,0.9997568953125737,0.14514145141451415,outlier,shape,0.14510616684733543
华润置地,*,*,公共区域,*,*,*,*,plan_end_time,2020/11/6 0:00,count of risk_level=3,58,0.9993027927978005,0.3858138581385814,outlier,shape,0.3855448659379788
华润置地,*,综合体,*,*,*,*,*,plan_end_time,2020/11/6 0:00,count of risk_level=3,95,0.9999893297919624,0.6773267732677327,outlier,shape,0.6773195460501525
华润置地,*,*,*,*,*,*,*,plan_end_time,2020/11/6 0:00,count of risk_level=3,102,0.9999968274957532,0.9516195161951619,outlier,shape,0.9516164971782055
华润置地,电梯专业,*,*,*,*,*,*,plan_end_time,2020/7/21 0:00,count of risk_level=3,17,0.9999348965087782,0.3714637146371464,outlier,shape,0.3714395310524613
华润置地,电梯专业,综合体,*,*,*,*,*,plan_end_time,2020/7/21 0:00,count of risk_level=3,15,0.9999300903127631,0.25174251742517423,outlier,shape,0.2517249181845168
*,*,综合体,租户区域,*,*,*,*,headquarter_tag,华润置地,count of risk_level=3,336,0.9522096477271853,0.1820418204182042,attribution,point,0.17334197769203374
*,*,*,*,华南大区,*,*,*,headquarter_tag,华润置地,count of risk_level=3,515,0.9522096477271853,0.18245182451824518,attribution,point,0.17373238755170048
*,消防专业,综合体,*,*,*,*,*,area,公共区域,count of risk_level=3,1109,0.9015903560213139,0.21279212792127922,attribution,point,0.1918513303710791
*,*,*,租户区域,*,*,*,*,profession_tag,综合体,count of risk_level=3,336,0.9292987462566935,0.2045920459204592,attribution,point,0.1901271317679746
华润置地,*,*,租户区域,*,*,*,*,profession_tag,综合体,count of risk_level=3,336,0.9292987462566935,0.1992619926199262,attribution,point,0.18517391991830792
华润置地,电梯专业,*,*,*,*,*,*,profession_tag,综合体,count of risk_level=3,209,0.5586587145820392,0.3714637146371464,attribution,point,0.2075214413330576
华润置地,*,*,*,华北大区,*,*,*,major_name,消防专业,count of risk_level=3,582,0.6649845928565637,0.35588355883558837,attribution,point,0.23665708347662867
*,*,综合体,*,华北大区,*,*,*,headquarter_tag,华润置地,count of risk_level=3,691,0.9522096477271853,0.2611726117261173,attribution,point,0.24869108060771508
华润置地,消防专业,综合体,*,*,*,*,*,area,公共区域,count of risk_level=3,1109,0.9015903560213139,0.21279212792127922,attribution,point,0.1918513303710791
华润置地,*,综合体,*,华北大区,*,*,*,major_name,消防专业,count of risk_level=3,475,0.7339155226022984,0.2611726117261173,attribution,point,0.19167863382438052
*,消防专业,综合体,*,*,*,*,*,headquarter_tag,华润置地,count of risk_level=3,1250,0.9522096477271853,0.21279212792127922,attribution,point,0.20262271716703945
*,电梯专业,*,*,*,*,*,*,profession_tag,综合体,count of risk_level=3,209,0.5586587145820392,0.3714637146371464,attribution,point,0.2075214413330576
*,*,综合体,公共区域,*,*,*,*,major_name,消防专业,count of risk_level=3,1109,0.845177012836152,0.24764247642476425,attribution,point,0.20930172847602943
*,消防专业,*,*,*,*,*,*,profession_tag,综合体,count of risk_level=3,1250,0.7696339427434362,0.3169331693316933,attribution,point,0.24392252469892423
华润置地,*,*,公共区域,*,*,*,*,profession_tag,综合体,count of risk_level=3,1378,0.770957285343872,0.3858138581385814,attribution,point,0.2974460047185664
*,*,*,*,华北大区,*,*,*,area,公共区域,count of risk_level=3,684,0.7860762050250478,0.35588355883558837,attribution,point,0.27975159736028765
*,*,综合体,*,*,*,*,*,major_name,消防专业,count of risk_level=3,1250,0.6946723847491176,0.6773267732677327,attribution,point,0.4705202048403208
*,*,*,租户区域,*,*,*,*,headquarter_tag,华润置地,count of risk_level=3,357,0.9522096477271853,0.2045920459204592,attribution,point,0.19481451997370458
*,*,*,*,华北大区,*,*,*,major_name,消防专业,count of risk_level=3,582,0.6649845928565637,0.35588355883558837,attribution,point,0.23665708347662867
*,*,综合体,*,华北大区,*,*,*,major_name,消防专业,count of risk_level=3,475,0.7339155226022984,0.2611726117261173,attribution,point,0.19167863382438052
*,消防专业,*,公共区域,*,*,*,*,headquarter_tag,华润置地,count of risk_level=3,1551,0.9442010969264024,0.21689216892168922,attribution,point,0.20478982381060554
华润置地,*,综合体,公共区域,*,*,*,*,major_name,消防专业,count of risk_level=3,1109,0.845177012836152,0.24764247642476425,attribution,point,0.20930172847602943
*,*,综合体,*,华北大区,*,*,*,area,公共区域,count of risk_level=3,523,0.8040694106716704,0.2611726117261173,attribution,point,0.2100009079942001
*,电梯专业,综合体,*,*,*,*,*,headquarter_tag,华润置地,count of risk_level=3,209,0.9522096477271853,0.25174251742517423,attribution,point,0.23971165383537996
*,消防专业,*,*,*,*,*,*,area,公共区域,count of risk_level=3,1587,0.9171026413809339,0.3169331693316933,attribution,point,0.2906602467353267
华润置地,*,*,*,*,*,*,*,area,公共区域,count of risk_level=3,1907,0.770978754581288,0.9516195161951619,attribution,point,0.7336784294313937
华润置地,*,*,*,华北大区,*,*,*,profession_tag,综合体,count of risk_level=3,691,0.7933359840930773,0.35588355883558837,attribution,point,0.28233523337137806
华润置地,*,*,*,*,*,*,*,profession_tag,综合体,count of risk_level=3,1915,0.7740282462763284,0.9516195161951619,attribution,point,0.7365803852428693
*,*,*,*,华北大区,*,*,*,profession_tag,综合体,count of risk_level=3,691,0.7933359840930773,0.35588355883558837,attribution,point,0.28233523337137806
*,电梯专业,*,*,*,*,*,*,headquarter_tag,华润置地,count of risk_level=3,384,0.9522096477271853,0.3714637146371464,attribution,point,0.3537113328580688
*,*,*,公共区域,*,*,*,*,profession_tag,综合体,count of risk_level=3,1378,0.7450751458565652,0.42886428864288645,attribution,point,0.3195361224132707
*,*,*,*,*,*,*,*,headquarter_tag,华润置地,count of risk_level=3,2639,0.9432816474277478,1.0,attribution,point,0.9432816474277478
华润置地,*,综合体,*,*,*,*,*,major_name,消防专业,count of risk_level=3,1250,0.6946723847491176,0.6773267732677327,attribution,point,0.4705202048403208
华润置地,*,*,*,*,*,*,*,major_name,消防专业,count of risk_level=3,1697,0.6832555709545494,0.9516195161951619,attribution,point,0.6501993358694174
*,*,综合体,*,*,*,*,*,area,公共区域,count of risk_level=3,1378,0.7678976545367273,0.6773267732677327,attribution,point,0.5201176405472216
*,*,*,*,*,*,*,*,major_name,消防专业,count of risk_level=3,1733,0.6798598690377333,1.0,attribution,point,0.6798598690377333
*,*,*,*,华北大区,*,*,*,headquarter_tag,华润置地,count of risk_level=3,927,0.9522096477271853,0.35588355883558837,attribution,point,0.3388757581907326
华润置地,*,*,*,华北大区,*,*,*,area,公共区域,count of risk_level=3,684,0.7860762050250478,0.35588355883558837,attribution,point,0.27975159736028765
*,*,*,公共区域,*,*,*,*,major_name,消防专业,count of risk_level=3,1587,0.844186585331553,0.42886428864288645,attribution,point,0.36204147940008385
*,*,*,*,*,*,*,*,area,公共区域,count of risk_level=3,1975,0.7779534903246563,1.0,attribution,point,0.7779534903246563
*,*,综合体,公共区域,*,*,*,*,headquarter_tag,华润置地,count of risk_level=3,1378,0.9522096477271853,0.24764247642476425,attribution,point,0.23580755523871255
华润置地,*,综合体,*,华北大区,*,*,*,area,公共区域,count of risk_level=3,523,0.8040694106716704,0.2611726117261173,attribution,point,0.2100009079942001
华润置地,消防专业,*,*,*,*,*,*,profession_tag,综合体,count of risk_level=3,1250,0.7848407158489925,0.2894628946289463,attribution,point,0.22718226543230371
*,消防专业,*,*,*,*,*,*,headquarter_tag,华润置地,count of risk_level=3,1697,0.9449142288840288,0.3169331693316933,attribution,point,0.29947466130682826
华润置地,*,综合体,*,*,*,*,*,area,公共区域,count of risk_level=3,1378,0.7678976545367273,0.6773267732677327,attribution,point,0.5201176405472216
华润置地,消防专业,*,*,*,*,*,*,area,公共区域,count of risk_level=3,1551,0.9161891374110469,0.2894628946289463,attribution,point,0.2652027597425991
*,*,*,公共区域,*,*,*,*,headquarter_tag,华润置地,count of risk_level=3,1907,0.9396567720732675,0.42886428864288645,attribution,point,0.40298523312367274
*,*,*,*,*,*,*,*,profession_tag,综合体,count of risk_level=3,1915,0.7553483364564562,1.0,attribution,point,0.7553483364564562
华润置地,*,*,公共区域,*,*,*,*,major_name,消防专业,count of risk_level=3,1551,0.8518493169959386,0.3858138581385814,attribution,point,0.32865527154291846
*,*,综合体,*,*,*,*,*,headquarter_tag,华润置地,count of risk_level=3,1915,0.9522096477271853,0.6773267732677327,attribution,point,0.6449570881694588
